url	status	redirects_to	note
https://sendmoneycompare.com/send-money/australia-to-argentina	410		retired on purpose (410 Gone)
https://sendmoneycompare.com/send-money/australia-to-brazil	410		retired on purpose (410 Gone)
https://sendmoneycompare.com/send-money/australia-to-colombia	410		retired on purpose (410 Gone)
https://sendmoneycompare.com/send-money/australia-to-egypt	410		retired on purpose (410 Gone)
https://sendmoneycompare.com/send-money/australia-to-indonesia	410		retired on purpose (410 Gone)
https://sendmoneycompare.com/send-money/australia-to-japan	410		retired on purpose (410 Gone)
https://sendmoneycompare.com/send-money/australia-to-kenya	410		retired on purpose (410 Gone)
https://sendmoneycompare.com/send-money/australia-to-mexico	410		retired on purpose (410 Gone)
https://sendmoneycompare.com/send-money/australia-to-morocco	410		retired on purpose (410 Gone)
https://sendmoneycompare.com/send-money/australia-to-south-africa	301	/send-money/australia-to-zimbabwe	consolidated into another corridor page (301)
https://sendmoneycompare.com/send-money/australia-to-taiwan	404		outside the corridor allowlist (404)
https://sendmoneycompare.com/send-money/australia-to-thailand	410		retired on purpose (410 Gone)
https://sendmoneycompare.com/send-money/australia-to-turkey	410		retired on purpose (410 Gone)
https://sendmoneycompare.com/send-money/australia-to-ukraine	410		retired on purpose (410 Gone)
https://sendmoneycompare.com/send-money/austria-to-china	301	/send-money/germany-to-china	consolidated into another corridor page (301)
https://sendmoneycompare.com/send-money/austria-to-turkey	301	/send-money/germany-to-turkey	consolidated into another corridor page (301)
https://sendmoneycompare.com/send-money/belgium-to-china	301	/send-money/germany-to-china	consolidated into another corridor page (301)
https://sendmoneycompare.com/send-money/belgium-to-ethiopia	301	/send-money/austria-to-ethiopia	consolidated into another corridor page (301)
https://sendmoneycompare.com/send-money/belgium-to-pakistan	301	/send-money/france-to-pakistan	consolidated into another corridor page (301)
https://sendmoneycompare.com/send-money/belgium-to-sri-lanka	301	/send-money/austria-to-sri-lanka	consolidated into another corridor page (301)
https://sendmoneycompare.com/send-money/belgium-to-uganda	301	/send-money/austria-to-uganda	consolidated into another corridor page (301)
https://sendmoneycompare.com/send-money/canada-to-argentina	410		retired on purpose (410 Gone)
https://sendmoneycompare.com/send-money/canada-to-bangladesh	410		retired on purpose (410 Gone)
https://sendmoneycompare.com/send-money/canada-to-cameroon	410		retired on purpose (410 Gone)
https://sendmoneycompare.com/send-money/canada-to-china	410		retired on purpose (410 Gone)
https://sendmoneycompare.com/send-money/canada-to-egypt	410		retired on purpose (410 Gone)
https://sendmoneycompare.com/send-money/canada-to-ethiopia	410		retired on purpose (410 Gone)
https://sendmoneycompare.com/send-money/canada-to-ghana	410		retired on purpose (410 Gone)
https://sendmoneycompare.com/send-money/canada-to-indonesia	410		retired on purpose (410 Gone)
https://sendmoneycompare.com/send-money/canada-to-malaysia	410		retired on purpose (410 Gone)
https://sendmoneycompare.com/send-money/canada-to-mexico	410		retired on purpose (410 Gone)
https://sendmoneycompare.com/send-money/canada-to-morocco	410		retired on purpose (410 Gone)
https://sendmoneycompare.com/send-money/canada-to-poland	410		retired on purpose (410 Gone)
https://sendmoneycompare.com/send-money/canada-to-rwanda	410		retired on purpose (410 Gone)
https://sendmoneycompare.com/send-money/canada-to-senegal	410		retired on purpose (410 Gone)
https://sendmoneycompare.com/send-money/canada-to-taiwan	404		outside the corridor allowlist (404)
https://sendmoneycompare.com/send-money/canada-to-tanzania	410		retired on purpose (410 Gone)
https://sendmoneycompare.com/send-money/canada-to-uganda	410		retired on purpose (410 Gone)
https://sendmoneycompare.com/send-money/canada-to-ukraine	410		retired on purpose (410 Gone)
https://sendmoneycompare.com/send-money/canada-to-vietnam	410		retired on purpose (410 Gone)
https://sendmoneycompare.com/send-money/france-to-cameroon	301	/send-money/austria-to-cameroon	consolidated into another corridor page (301)
https://sendmoneycompare.com/send-money/france-to-china	301	/send-money/germany-to-china	consolidated into another corridor page (301)
https://sendmoneycompare.com/send-money/france-to-ethiopia	301	/send-money/austria-to-ethiopia	consolidated into another corridor page (301)
https://sendmoneycompare.com/send-money/france-to-rwanda	404		outside the corridor allowlist (404)
https://sendmoneycompare.com/send-money/france-to-senegal	301	/send-money/austria-to-senegal	consolidated into another corridor page (301)
https://sendmoneycompare.com/send-money/france-to-sri-lanka	301	/send-money/austria-to-sri-lanka	consolidated into another corridor page (301)
https://sendmoneycompare.com/send-money/france-to-tanzania	301	/send-money/austria-to-tanzania	consolidated into another corridor page (301)
https://sendmoneycompare.com/send-money/france-to-uganda	301	/send-money/austria-to-uganda	consolidated into another corridor page (301)
https://sendmoneycompare.com/send-money/germany-to-cameroon	301	/send-money/austria-to-cameroon	consolidated into another corridor page (301)
https://sendmoneycompare.com/send-money/germany-to-ethiopia	301	/send-money/austria-to-ethiopia	consolidated into another corridor page (301)
https://sendmoneycompare.com/send-money/germany-to-ghana	410		retired on purpose (410 Gone)
https://sendmoneycompare.com/send-money/germany-to-honduras	410		retired on purpose (410 Gone)
https://sendmoneycompare.com/send-money/germany-to-rwanda	404		outside the corridor allowlist (404)
https://sendmoneycompare.com/send-money/germany-to-senegal	301	/send-money/austria-to-senegal	consolidated into another corridor page (301)
https://sendmoneycompare.com/send-money/germany-to-sri-lanka	301	/send-money/austria-to-sri-lanka	consolidated into another corridor page (301)
https://sendmoneycompare.com/send-money/germany-to-tanzania	301	/send-money/austria-to-tanzania	consolidated into another corridor page (301)
https://sendmoneycompare.com/send-money/germany-to-uganda	301	/send-money/austria-to-uganda	consolidated into another corridor page (301)
https://sendmoneycompare.com/send-money/greece-to-china	301	/send-money/germany-to-china	consolidated into another corridor page (301)
https://sendmoneycompare.com/send-money/greece-to-ethiopia	301	/send-money/austria-to-ethiopia	consolidated into another corridor page (301)
https://sendmoneycompare.com/send-money/greece-to-sri-lanka	301	/send-money/austria-to-sri-lanka	consolidated into another corridor page (301)
https://sendmoneycompare.com/send-money/greece-to-tanzania	301	/send-money/austria-to-tanzania	consolidated into another corridor page (301)
https://sendmoneycompare.com/send-money/greece-to-uganda	301	/send-money/austria-to-uganda	consolidated into another corridor page (301)
https://sendmoneycompare.com/send-money/hong-kong-to-argentina	410		retired on purpose (410 Gone)
https://sendmoneycompare.com/send-money/hong-kong-to-chile	404		outside the corridor allowlist (404)
https://sendmoneycompare.com/send-money/hong-kong-to-colombia	404		outside the corridor allowlist (404)
https://sendmoneycompare.com/send-money/hong-kong-to-ghana	410		retired on purpose (410 Gone)
https://sendmoneycompare.com/send-money/hong-kong-to-indonesia	410		retired on purpose (410 Gone)
https://sendmoneycompare.com/send-money/hong-kong-to-kenya	410		retired on purpose (410 Gone)
https://sendmoneycompare.com/send-money/hong-kong-to-mexico	410		retired on purpose (410 Gone)
https://sendmoneycompare.com/send-money/hong-kong-to-peru	410		retired on purpose (410 Gone)
https://sendmoneycompare.com/send-money/hong-kong-to-south-korea	410		retired on purpose (410 Gone)
https://sendmoneycompare.com/send-money/hong-kong-to-ukraine	410		retired on purpose (410 Gone)
https://sendmoneycompare.com/send-money/hong-kong-to-vietnam	410		retired on purpose (410 Gone)
https://sendmoneycompare.com/send-money/india-to-ecuador	301	/send-money/india-to-usa	consolidated into another corridor page (301)
https://sendmoneycompare.com/send-money/india-to-el-salvador	301	/send-money/india-to-usa	consolidated into another corridor page (301)
https://sendmoneycompare.com/send-money/india-to-europe	301	/send-money/india-to-croatia	consolidated into another corridor page (301)
https://sendmoneycompare.com/send-money/india-to-germany	301	/send-money/india-to-croatia	consolidated into another corridor page (301)
https://sendmoneycompare.com/send-money/india-to-panama	301	/send-money/india-to-usa	consolidated into another corridor page (301)
https://sendmoneycompare.com/send-money/india-to-spain	301	/send-money/india-to-croatia	consolidated into another corridor page (301)
https://sendmoneycompare.com/send-money/ireland-to-china	301	/send-money/germany-to-china	consolidated into another corridor page (301)
https://sendmoneycompare.com/send-money/ireland-to-ethiopia	301	/send-money/austria-to-ethiopia	consolidated into another corridor page (301)
https://sendmoneycompare.com/send-money/ireland-to-sri-lanka	301	/send-money/austria-to-sri-lanka	consolidated into another corridor page (301)
https://sendmoneycompare.com/send-money/ireland-to-uganda	301	/send-money/austria-to-uganda	consolidated into another corridor page (301)
https://sendmoneycompare.com/send-money/italy-to-cameroon	301	/send-money/austria-to-cameroon	consolidated into another corridor page (301)
https://sendmoneycompare.com/send-money/italy-to-china	301	/send-money/germany-to-china	consolidated into another corridor page (301)
https://sendmoneycompare.com/send-money/italy-to-ethiopia	301	/send-money/austria-to-ethiopia	consolidated into another corridor page (301)
https://sendmoneycompare.com/send-money/italy-to-rwanda	404		outside the corridor allowlist (404)
https://sendmoneycompare.com/send-money/italy-to-senegal	301	/send-money/austria-to-senegal	consolidated into another corridor page (301)
https://sendmoneycompare.com/send-money/italy-to-sri-lanka	301	/send-money/austria-to-sri-lanka	consolidated into another corridor page (301)
https://sendmoneycompare.com/send-money/italy-to-tanzania	301	/send-money/austria-to-tanzania	consolidated into another corridor page (301)
https://sendmoneycompare.com/send-money/italy-to-uganda	301	/send-money/austria-to-uganda	consolidated into another corridor page (301)
https://sendmoneycompare.com/send-money/japan-to-el-salvador	301	/send-money/japan-to-ecuador	consolidated into another corridor page (301)
https://sendmoneycompare.com/send-money/japan-to-panama	301	/send-money/japan-to-ecuador	consolidated into another corridor page (301)
https://sendmoneycompare.com/send-money/netherlands-to-cameroon	301	/send-money/austria-to-cameroon	consolidated into another corridor page (301)
https://sendmoneycompare.com/send-money/netherlands-to-china	301	/send-money/germany-to-china	consolidated into another corridor page (301)
https://sendmoneycompare.com/send-money/netherlands-to-ethiopia	301	/send-money/austria-to-ethiopia	consolidated into another corridor page (301)
https://sendmoneycompare.com/send-money/netherlands-to-philippines	301	/send-money/finland-to-philippines	consolidated into another corridor page (301)
https://sendmoneycompare.com/send-money/netherlands-to-rwanda	404		outside the corridor allowlist (404)
https://sendmoneycompare.com/send-money/netherlands-to-senegal	301	/send-money/austria-to-senegal	consolidated into another corridor page (301)
https://sendmoneycompare.com/send-money/netherlands-to-sri-lanka	301	/send-money/austria-to-sri-lanka	consolidated into another corridor page (301)
https://sendmoneycompare.com/send-money/netherlands-to-tanzania	301	/send-money/austria-to-tanzania	consolidated into another corridor page (301)
https://sendmoneycompare.com/send-money/netherlands-to-uganda	301	/send-money/austria-to-uganda	consolidated into another corridor page (301)
https://sendmoneycompare.com/send-money/portugal-to-china	301	/send-money/germany-to-china	consolidated into another corridor page (301)
https://sendmoneycompare.com/send-money/portugal-to-ethiopia	301	/send-money/austria-to-ethiopia	consolidated into another corridor page (301)
https://sendmoneycompare.com/send-money/portugal-to-sri-lanka	301	/send-money/austria-to-sri-lanka	consolidated into another corridor page (301)
https://sendmoneycompare.com/send-money/portugal-to-tanzania	301	/send-money/austria-to-tanzania	consolidated into another corridor page (301)
https://sendmoneycompare.com/send-money/portugal-to-uganda	301	/send-money/austria-to-uganda	consolidated into another corridor page (301)
https://sendmoneycompare.com/send-money/singapore-to-colombia	404		outside the corridor allowlist (404)
https://sendmoneycompare.com/send-money/singapore-to-mexico	410		retired on purpose (410 Gone)
https://sendmoneycompare.com/send-money/singapore-to-nigeria	410		retired on purpose (410 Gone)
https://sendmoneycompare.com/send-money/singapore-to-taiwan	404		outside the corridor allowlist (404)
https://sendmoneycompare.com/send-money/singapore-to-ukraine	410		retired on purpose (410 Gone)
https://sendmoneycompare.com/send-money/spain-to-cameroon	301	/send-money/austria-to-cameroon	consolidated into another corridor page (301)
https://sendmoneycompare.com/send-money/spain-to-china	301	/send-money/germany-to-china	consolidated into another corridor page (301)
https://sendmoneycompare.com/send-money/spain-to-ethiopia	301	/send-money/austria-to-ethiopia	consolidated into another corridor page (301)
https://sendmoneycompare.com/send-money/spain-to-rwanda	404		outside the corridor allowlist (404)
https://sendmoneycompare.com/send-money/spain-to-senegal	301	/send-money/austria-to-senegal	consolidated into another corridor page (301)
https://sendmoneycompare.com/send-money/spain-to-sri-lanka	301	/send-money/austria-to-sri-lanka	consolidated into another corridor page (301)
https://sendmoneycompare.com/send-money/spain-to-tanzania	301	/send-money/austria-to-tanzania	consolidated into another corridor page (301)
https://sendmoneycompare.com/send-money/spain-to-uganda	301	/send-money/austria-to-uganda	consolidated into another corridor page (301)
https://sendmoneycompare.com/send-money/switzerland-to-argentina	410		retired on purpose (410 Gone)
https://sendmoneycompare.com/send-money/switzerland-to-brazil	410		retired on purpose (410 Gone)
https://sendmoneycompare.com/send-money/switzerland-to-chile	410		retired on purpose (410 Gone)
https://sendmoneycompare.com/send-money/switzerland-to-colombia	410		retired on purpose (410 Gone)
https://sendmoneycompare.com/send-money/switzerland-to-ghana	410		retired on purpose (410 Gone)
https://sendmoneycompare.com/send-money/switzerland-to-indonesia	410		retired on purpose (410 Gone)
https://sendmoneycompare.com/send-money/switzerland-to-kenya	410		retired on purpose (410 Gone)
https://sendmoneycompare.com/send-money/switzerland-to-malaysia	410		retired on purpose (410 Gone)
https://sendmoneycompare.com/send-money/switzerland-to-mexico	410		retired on purpose (410 Gone)
https://sendmoneycompare.com/send-money/switzerland-to-nigeria	410		retired on purpose (410 Gone)
https://sendmoneycompare.com/send-money/switzerland-to-peru	410		retired on purpose (410 Gone)
https://sendmoneycompare.com/send-money/switzerland-to-poland	410		retired on purpose (410 Gone)
https://sendmoneycompare.com/send-money/switzerland-to-south-korea	410		retired on purpose (410 Gone)
https://sendmoneycompare.com/send-money/switzerland-to-turkey	410		retired on purpose (410 Gone)
https://sendmoneycompare.com/send-money/switzerland-to-ukraine	410		retired on purpose (410 Gone)
https://sendmoneycompare.com/send-money/switzerland-to-vietnam	410		retired on purpose (410 Gone)
https://sendmoneycompare.com/send-money/uae-to-argentina	404		outside the corridor allowlist (404)
https://sendmoneycompare.com/send-money/uae-to-brazil	410		retired on purpose (410 Gone)
https://sendmoneycompare.com/send-money/uae-to-chile	404		outside the corridor allowlist (404)
https://sendmoneycompare.com/send-money/uae-to-colombia	410		retired on purpose (410 Gone)
https://sendmoneycompare.com/send-money/uae-to-croatia	410		retired on purpose (410 Gone)
https://sendmoneycompare.com/send-money/uae-to-europe	410		retired on purpose (410 Gone)
https://sendmoneycompare.com/send-money/uae-to-france	410		retired on purpose (410 Gone)
https://sendmoneycompare.com/send-money/uae-to-germany	410		retired on purpose (410 Gone)
https://sendmoneycompare.com/send-money/uae-to-ghana	410		retired on purpose (410 Gone)
https://sendmoneycompare.com/send-money/uae-to-hong-kong	404		outside the corridor allowlist (404)
https://sendmoneycompare.com/send-money/uae-to-indonesia	410		retired on purpose (410 Gone)
https://sendmoneycompare.com/send-money/uae-to-japan	410		retired on purpose (410 Gone)
https://sendmoneycompare.com/send-money/uae-to-kenya	410		retired on purpose (410 Gone)
https://sendmoneycompare.com/send-money/uae-to-malaysia	404		outside the corridor allowlist (404)
https://sendmoneycompare.com/send-money/uae-to-mexico	410		retired on purpose (410 Gone)
https://sendmoneycompare.com/send-money/uae-to-nigeria	410		retired on purpose (410 Gone)
https://sendmoneycompare.com/send-money/uae-to-peru	410		retired on purpose (410 Gone)
https://sendmoneycompare.com/send-money/uae-to-poland	404		outside the corridor allowlist (404)
https://sendmoneycompare.com/send-money/uae-to-singapore	404		outside the corridor allowlist (404)
https://sendmoneycompare.com/send-money/uae-to-south-africa	410		retired on purpose (410 Gone)
https://sendmoneycompare.com/send-money/uae-to-south-korea	410		retired on purpose (410 Gone)
https://sendmoneycompare.com/send-money/uae-to-spain	410		retired on purpose (410 Gone)
https://sendmoneycompare.com/send-money/uae-to-taiwan	404		outside the corridor allowlist (404)
https://sendmoneycompare.com/send-money/uae-to-thailand	410		retired on purpose (410 Gone)
https://sendmoneycompare.com/send-money/uae-to-ukraine	410		retired on purpose (410 Gone)
https://sendmoneycompare.com/send-money/uae-to-vietnam	404		outside the corridor allowlist (404)
https://sendmoneycompare.com/send-money/uae-to-zimbabwe	410		retired on purpose (410 Gone)
https://sendmoneycompare.com/send-money/uk-to-argentina	410		retired on purpose (410 Gone)
https://sendmoneycompare.com/send-money/uk-to-cameroon	410		retired on purpose (410 Gone)
https://sendmoneycompare.com/send-money/uk-to-ethiopia	410		retired on purpose (410 Gone)
https://sendmoneycompare.com/send-money/uk-to-rwanda	410		retired on purpose (410 Gone)
https://sendmoneycompare.com/send-money/uk-to-senegal	410		retired on purpose (410 Gone)
https://sendmoneycompare.com/send-money/uk-to-tanzania	410		retired on purpose (410 Gone)
https://sendmoneycompare.com/send-money/usa-to-cameroon	301	/send-money/send-money-to-cameroon	consolidated into another corridor page (301)
https://sendmoneycompare.com/send-money/usa-to-fiji	301	/send-money/send-money-to-fiji	consolidated into another corridor page (301)
https://sendmoneycompare.com/send-money/usa-to-taiwan	301	/send-money/send-money-to-taiwan	consolidated into another corridor page (301)
https://sendmoneycompare.com/send-money/usa-to-zambia	301	/send-money/send-money-to-zambia	consolidated into another corridor page (301)
