"url","title","indexable","quick_answer_component","article_schema","faq_schema","external_links_in_editorial_sections","modified","priority","next_action"
"https://sendmoneycompare.com/guides/are-wire-transfers-safe","Are Wire Transfers Safe? | SendMoneyCompare","true","true","true","true","3","2026-07-01","P2","Review material claims, direct sources and the actual question answered; add a scoped example and relevant corridor/research links."
"https://sendmoneycompare.com/guides/authorization-vs-settlement-stablecoins","Why “Payment Approved” Isn’t Real Money | SendMoneyCompare","true","true","true","true","4","2026-06-21","P2","Review material claims, direct sources and the actual question answered; add a scoped example and relevant corridor/research links."
"https://sendmoneycompare.com/guides/average-remittance-fees-2026","Average Remittance Fees 2026 | SendMoneyCompare","true","true","true","true","1","2026-07-01","P2","Review material claims, direct sources and the actual question answered; add a scoped example and relevant corridor/research links."
"https://sendmoneycompare.com/guides/b2b-international-payments-guide","B2B International Payments 2026 | SendMoneyCompare","true","true","true","true","0","2026-07-01","P1","Add primary sources and define a distinct business workflow versus the other business-payment guides."
"https://sendmoneycompare.com/guides/bank-vs-app-transfer-cost-2026","Bank vs App Transfer Cost Index — 7 September 2026 Data","true","false","true","false","0","2026-09-07","P2","Review material claims, direct sources and the actual question answered; add a scoped example and relevant corridor/research links."
"https://sendmoneycompare.com/guides/bank-vs-app-vs-agent-cost-comparison","Bank vs App vs Agent | SendMoneyCompare","false","true","true","true","1","2026-03-20","P1 review","Assess keep/improve, merge, archive or promotion using unique intent plus current Google/Bing/referral evidence; do not remove noindex automatically. "
"https://sendmoneycompare.com/guides/bank-wire-transfer-fees-2026","Bank Wire Transfer Fees 2026 | SendMoneyCompare","true","true","true","true","0","2026-07-01","P1","Link each bank fee to its actual current official tariff and jurisdiction; distinguish sender, intermediary and recipient charges."
"https://sendmoneycompare.com/guides/best-apps-send-money-uk-to-nigeria-2026","Best Apps to Send Money UK to Nigeria July 2026 | SendMoneyCompare","true","true","true","true","0","2026-07-01","P2","Review material claims, direct sources and the actual question answered; add a scoped example and relevant corridor/research links."
"https://sendmoneycompare.com/guides/best-apps-to-send-money-from-us-2026","Best Apps to Send Money Abroad from the US (2026) | SendMoneyCompare","true","false","true","true","0","2026-06-30","P2","Review material claims, direct sources and the actual question answered; add a scoped example and relevant corridor/research links."
"https://sendmoneycompare.com/guides/best-day-to-send-money-abroad","Is It Cheaper to Send Money on a Weekday? We Checked 3,290,393 Quotes","true","false","true","true","0","2026-09-07","P2","Review material claims, direct sources and the actual question answered; add a scoped example and relevant corridor/research links."
"https://sendmoneycompare.com/guides/best-money-transfer-apps","Best Send Money Apps 2026 — Save up to 95% vs Banks | SendMoneyCompare","true","true","true","true","6","2026-09-02","P1","Validate savings headline and provider recommendations against a defined dataset; distinguish its job from best-services and the homepage."
"https://sendmoneycompare.com/guides/best-money-transfer-apps-china-yuan","Best Apps to Send CNY from China (2026)","false","true","true","true","0","2026-05-19","P1 review","Assess keep/improve, merge, archive or promotion using unique intent plus current Google/Bing/referral evidence; do not remove noindex automatically. "
"https://sendmoneycompare.com/guides/best-money-transfer-apps-expats-2026","Best Money Transfer Apps for Expats Living Abroad | SendMoneyCompare","false","true","true","true","3","2026-04-11","P1 review","Assess keep/improve, merge, archive or promotion using unique intent plus current Google/Bing/referral evidence; do not remove noindex automatically. "
"https://sendmoneycompare.com/guides/best-money-transfer-apps-large-transfers","Best Apps for Large International Transfers ($10k+) 2026","true","true","true","true","6","2026-03-18","P2","Distinguish product selection from the large-transfer process guide; source amount and country limits."
"https://sendmoneycompare.com/guides/best-money-transfer-rates-eid-holi-2026","Eid & Holi 2026 Transfer Rates Compared","false","true","true","true","4","2026-03-17","P1 review","Assess keep/improve, merge, archive or promotion using unique intent plus current Google/Bing/referral evidence; do not remove noindex automatically. "
"https://sendmoneycompare.com/guides/best-money-transfer-services","Best Money Transfer Services 2026: Ranked by Cost | SendMoneyCompare","true","true","true","true","5","2026-03-14","P2","Confirm distinct reader intent using current query/page data; consolidate only if it duplicates best-apps."
"https://sendmoneycompare.com/guides/bulk-international-payments-guide","Bulk International Payments | SendMoneyCompare","false","true","true","true","0","2026-03-23","P1 review","Assess keep/improve, merge, archive or promotion using unique intent plus current Google/Bing/referral evidence; do not remove noindex automatically. "
"https://sendmoneycompare.com/guides/business-international-payments-guide","International Business Payments: Wise vs OFX vs Revolut (2026)","true","true","true","true","5","2026-03-29","P1","Qualify provider-wide savings claims and route users to an appropriately scoped business comparison."
"https://sendmoneycompare.com/guides/business-money-transfers-provider-review","Best International Money Transfer for Business 2026 | SendMoneyCompare","true","true","true","true","4","2026-03-16","P2","Define its distinct job within the business cluster; require actual business eligibility and evidence."
"https://sendmoneycompare.com/guides/business-payments-australia-to-india","Australia to India Business Payments | SendMoneyCompare","false","true","true","true","3","2026-03-16","P1 review","Assess keep/improve, merge, archive or promotion using unique intent plus current Google/Bing/referral evidence; do not remove noindex automatically. "
"https://sendmoneycompare.com/guides/business-payments-canada-to-usa","Canada to USA Business Payments | SendMoneyCompare","false","true","true","true","3","2026-03-16","P1 review","Assess keep/improve, merge, archive or promotion using unique intent plus current Google/Bing/referral evidence; do not remove noindex automatically. "
"https://sendmoneycompare.com/guides/business-payments-uk-to-europe","UK to Europe Business Payments | SendMoneyCompare","false","true","true","true","2","2026-03-16","P1 review","Assess keep/improve, merge, archive or promotion using unique intent plus current Google/Bing/referral evidence; do not remove noindex automatically. "
"https://sendmoneycompare.com/guides/business-payments-uk-to-india","UK to India Business Payments | SendMoneyCompare","false","true","true","true","4","2026-03-16","P1 review","Assess keep/improve, merge, archive or promotion using unique intent plus current Google/Bing/referral evidence; do not remove noindex automatically. "
"https://sendmoneycompare.com/guides/business-payments-usa-to-australia","USA to Australia Business Payments | SendMoneyCompare","false","true","true","true","2","2026-03-16","P1 review","Assess keep/improve, merge, archive or promotion using unique intent plus current Google/Bing/referral evidence; do not remove noindex automatically. "
"https://sendmoneycompare.com/guides/business-payments-usa-to-canada","USA to Canada Business Payments | SendMoneyCompare","false","true","true","true","3","2026-03-16","P1 review","Assess keep/improve, merge, archive or promotion using unique intent plus current Google/Bing/referral evidence; do not remove noindex automatically. "
"https://sendmoneycompare.com/guides/business-payments-usa-to-china","USA to China Business Payments | SendMoneyCompare","false","true","true","true","5","2026-03-16","P1 review","Assess keep/improve, merge, archive or promotion using unique intent plus current Google/Bing/referral evidence; do not remove noindex automatically. "
"https://sendmoneycompare.com/guides/business-payments-usa-to-europe","USA to Europe Business Payments | SendMoneyCompare","false","true","true","true","3","2026-03-16","P1 review","Assess keep/improve, merge, archive or promotion using unique intent plus current Google/Bing/referral evidence; do not remove noindex automatically. "
"https://sendmoneycompare.com/guides/business-payments-usa-to-india","USA to India Business Payments | SendMoneyCompare","false","true","true","true","4","2026-03-16","P1 review","Assess keep/improve, merge, archive or promotion using unique intent plus current Google/Bing/referral evidence; do not remove noindex automatically. "
"https://sendmoneycompare.com/guides/business-payments-usa-to-mexico","USA to Mexico Business Payments | SendMoneyCompare","false","true","true","true","3","2026-03-16","P1 review","Assess keep/improve, merge, archive or promotion using unique intent plus current Google/Bing/referral evidence; do not remove noindex automatically. "
"https://sendmoneycompare.com/guides/business-payments-usa-to-philippines","USA to Philippines Business Payments | SendMoneyCompare","false","true","true","true","2","2026-03-16","P1 review","Assess keep/improve, merge, archive or promotion using unique intent plus current Google/Bing/referral evidence; do not remove noindex automatically. "
"https://sendmoneycompare.com/guides/business-payments-usa-to-uk","USA to UK Business Payments: USD to GBP Guide 2026 | SendMoneyCompare","false","true","true","true","3","2026-03-16","P1 review","Assess keep/improve, merge, archive or promotion using unique intent plus current Google/Bing/referral evidence; do not remove noindex automatically. "
"https://sendmoneycompare.com/guides/cheapest-way-to-send-money-internationally","Cheapest Way to Send Money Internationally in 2026 | SendMoneyCompare","true","true","true","true","6","2026-03-13","P1","Replace unrestricted cheapest and savings claims with scoped data; align the answer, tables and FAQs with supporting research."
"https://sendmoneycompare.com/guides/compare-exchange-rates-multiple-currencies","Multi-Currency Exchange Rate Comparison Tool","false","true","true","true","0","2026-04-23","P1 review","Assess keep/improve, merge, archive or promotion using unique intent plus current Google/Bing/referral evidence; do not remove noindex automatically. "
"https://sendmoneycompare.com/guides/cost-of-sending-1000-abroad","Cost of Sending $1,000 Abroad | SendMoneyCompare","false","true","true","true","6","2026-09-06","P1 review","Assess keep/improve, merge, archive or promotion using unique intent plus current Google/Bing/referral evidence; do not remove noindex automatically. "
"https://sendmoneycompare.com/guides/crypto-banking-licenses-2026","Crypto Banking Licenses 2026 | SendMoneyCompare","false","true","true","true","11","2026-03-16","P1 review","Assess keep/improve, merge, archive or promotion using unique intent plus current Google/Bing/referral evidence; do not remove noindex automatically. "
"https://sendmoneycompare.com/guides/currency-converter-vs-bank-app-travel","Currency Converter vs Bank App: Which Rate Wins?","false","true","true","true","1","2026-04-23","P1 review","Assess keep/improve, merge, archive or promotion using unique intent plus current Google/Bing/referral evidence; do not remove noindex automatically. "
"https://sendmoneycompare.com/guides/eu-instant-payments-2026","EU Instant Payments 2026 | SendMoneyCompare","true","true","true","true","4","2026-03-16","P2","Review material claims, direct sources and the actual question answered; add a scoped example and relevant corridor/research links."
"https://sendmoneycompare.com/guides/euro-forecast-2026","Euro Forecast 2026–2027: EUR vs US Dollar | SendMoneyCompare","true","true","true","true","5","2026-05-16","P2","Review material claims, direct sources and the actual question answered; add a scoped example and relevant corridor/research links."
"https://sendmoneycompare.com/guides/exchange-rate-markup-explained","Exchange Rate Markup Explained: Spot Hidden Fees | SendMoneyCompare","true","true","true","true","8","2026-03-13","P2","Review material claims, direct sources and the actual question answered; add a scoped example and relevant corridor/research links."
"https://sendmoneycompare.com/guides/fastest-way-to-send-money-internationally","Fastest Way to Send Money Internationally | SendMoneyCompare","true","true","true","true","2","2026-09-02","P2","Review material claims, direct sources and the actual question answered; add a scoped example and relevant corridor/research links."
"https://sendmoneycompare.com/guides/fx-cost-vs-purchasing-power","The Cheaper the Move, the More Your Transfer Fee Costs You","true","false","true","true","0","2026-09-07","P2","Review material claims, direct sources and the actual question answered; add a scoped example and relevant corridor/research links."
"https://sendmoneycompare.com/guides/fx-hedging-strategies-small-business","FX Hedging for Small Business | SendMoneyCompare","false","true","true","true","3","2026-03-16","P1 review","Assess keep/improve, merge, archive or promotion using unique intent plus current Google/Bing/referral evidence; do not remove noindex automatically. "
"https://sendmoneycompare.com/guides/gbp-forecast-2026","GBP Forecast 2026: How Far Can the Pound Move?","true","false","true","true","0","2026-07-03","P2","Review material claims, direct sources and the actual question answered; add a scoped example and relevant corridor/research links."
"https://sendmoneycompare.com/guides/global-remittance-trends-2026","International Money Transfer Statistics 2026 | SendMoneyCompare","true","true","true","true","10","2026-03-17","P2","Review material claims, direct sources and the actual question answered; add a scoped example and relevant corridor/research links."
"https://sendmoneycompare.com/guides/hidden-fees-international-transfers","Hidden International Transfer Fees: What Banks Don't Show","true","true","true","true","3","2026-03-20","P2","Review material claims, direct sources and the actual question answered; add a scoped example and relevant corridor/research links."
"https://sendmoneycompare.com/guides/how-euribor-affects-euro-transfers","How Euribor Affects Euro Transfers Abroad | SendMoneyCompare","false","true","true","true","3","2026-03-16","P1 review","Assess keep/improve, merge, archive or promotion using unique intent plus current Google/Bing/referral evidence; do not remove noindex automatically. "
"https://sendmoneycompare.com/guides/how-to-buy-spacex-nvidia-stock-using-revolut","How to Buy SpaceX & Nvidia Stock using Revolut | SendMoneyCompare","true","true","true","true","4","2026-06-12","P2","Review topical fit and current product availability; verify investment-related claims using primary sources."
"https://sendmoneycompare.com/guides/how-to-pay-international-freelancers-contractors","How to Pay International Freelancers in 2026 | SendMoneyCompare","true","true","true","true","2","2026-06-20","P2","Review material claims, direct sources and the actual question answered; add a scoped example and relevant corridor/research links."
"https://sendmoneycompare.com/guides/how-to-pay-international-suppliers","How to Pay International Suppliers in 2026 | SendMoneyCompare","true","true","true","true","7","2026-03-16","P2","Review material claims, direct sources and the actual question answered; add a scoped example and relevant corridor/research links."
"https://sendmoneycompare.com/guides/how-to-send-large-amounts-internationally","How to Send Large Amounts Internationally | SendMoneyCompare","true","true","true","true","5","2026-04-07","P2","Add task-specific documentation, exact-recipient-amount and deadline workflows; qualify negotiated quotes."
"https://sendmoneycompare.com/guides/how-to-send-money-abroad","How to Send Money Internationally: Compare 5 Methods by Cost","true","true","true","true","7","2026-09-05","P2","Replace generic Key Takeaway with actionable steps; keep dated savings examples linked to their supporting study."
"https://sendmoneycompare.com/guides/how-to-send-money-from-china","How to Send Money from China (CNY) Abroad 2026 | SendMoneyCompare","true","true","true","true","0","2026-05-19","P1","Cite official outbound eligibility, provider availability and documentation requirements; verify with the stated sender scenario."
"https://sendmoneycompare.com/guides/how-to-send-money-to-india-2026","How to Send Money to India Internationally | SendMoneyCompare","false","true","true","true","6","2026-06-03","P1 review","Assess keep/improve, merge, archive or promotion using unique intent plus current Google/Bing/referral evidence; do not remove noindex automatically. "
"https://sendmoneycompare.com/guides/iban-numbers-explained","IBAN Number Format Explained | SendMoneyCompare","true","true","true","true","6","2026-03-13","P2","Review material claims, direct sources and the actual question answered; add a scoped example and relevant corridor/research links."
"https://sendmoneycompare.com/guides/international-payroll-pay-remote-teams","International Payroll | SendMoneyCompare","false","true","true","true","5","2026-03-16","P1 review","Assess keep/improve, merge, archive or promotion using unique intent plus current Google/Bing/referral evidence; do not remove noindex automatically. "
"https://sendmoneycompare.com/guides/invoicing-international-clients-multiple-currencies","Invoicing International Clients: Multi-Currency Guide","true","true","true","true","4","2026-03-16","P2","Review material claims, direct sources and the actual question answered; add a scoped example and relevant corridor/research links."
"https://sendmoneycompare.com/guides/large-business-transfers-from-china-cny","Large Business Transfers from China (CNY) | SendMoneyCompare","false","true","true","true","0","2026-05-19","P1 review","Assess keep/improve, merge, archive or promotion using unique intent plus current Google/Bing/referral evidence; do not remove noindex automatically. "
"https://sendmoneycompare.com/guides/lowest-fx-fees-business-payments-2026","Lowest Business FX Fees 2026 | SendMoneyCompare","false","true","true","true","10","2026-03-16","P1 review","Assess keep/improve, merge, archive or promotion using unique intent plus current Google/Bing/referral evidence; do not remove noindex automatically. "
"https://sendmoneycompare.com/guides/money-transfer-limits-by-provider-country","International Transfer Limits by Provider (2026) | SendMoneyCompare","true","true","true","true","4","2026-04-11","P2","Review material claims, direct sources and the actual question answered; add a scoped example and relevant corridor/research links."
"https://sendmoneycompare.com/guides/money-transfer-promo-codes-referral-programs","Money Transfer Promo Codes July 2026 | SendMoneyCompare","false","true","true","true","3","2026-07-01","P1 review","Assess keep/improve, merge, archive or promotion using unique intent plus current Google/Bing/referral evidence; do not remove noindex automatically. "
"https://sendmoneycompare.com/guides/money-transfer-safety-guide","Are Money Transfer Companies Safe? | SendMoneyCompare","true","true","true","true","19","2026-05-04","P2","Review material claims, direct sources and the actual question answered; add a scoped example and relevant corridor/research links."
"https://sendmoneycompare.com/guides/multi-currency-account-wars-2026","Multi-Currency Account Wars | SendMoneyCompare","true","true","true","true","5","2026-03-16","P2","Review material claims, direct sources and the actual question answered; add a scoped example and relevant corridor/research links."
"https://sendmoneycompare.com/guides/multi-currency-accounts-exchange-rates","Multi-Currency Accounts: Xe vs Wise vs Revolut | SendMoneyCompare","true","true","true","true","4","2026-03-15","P2","Review material claims, direct sources and the actual question answered; add a scoped example and relevant corridor/research links."
"https://sendmoneycompare.com/guides/ofx-review-2026","OFX Review 2026 | SendMoneyCompare","true","true","true","true","1","2026-07-01","P2","Assess overlap with /companies/ofx; add genuine first-hand evidence if maintaining a separate guide."
"https://sendmoneycompare.com/guides/pakistan-remittance-loss-2026","Pakistan Remittance Losses 2026: The Real Cost","false","true","true","true","4","2026-05-14","P1 review","Assess keep/improve, merge, archive or promotion using unique intent plus current Google/Bing/referral evidence; do not remove noindex automatically. "
"https://sendmoneycompare.com/guides/pakistan-rupee-forecast-2026","Pakistan Rupee Forecast 2026 | SendMoneyCompare","true","true","true","true","0","2026-03-23","P1","Source numerical forecasts directly, label assumptions and uncertainty, and reassess relevance to the transfer decision."
"https://sendmoneycompare.com/guides/ramadan-2026-money-transfer-deals-promotions","Ramadan 2026 Money Transfer Deals | SendMoneyCompare","false","true","true","true","3","2026-03-20","P1 review","Assess keep/improve, merge, archive or promotion using unique intent plus current Google/Bing/referral evidence; do not remove noindex automatically. "
"https://sendmoneycompare.com/guides/receive-international-payments-freelancer","Receiving International Payments as a Freelancer: What to Use","true","true","true","true","0","2026-09-07","P1","Add primary sources and a residency/account-eligibility matrix; distinguish receiving, conversion and withdrawal costs."
"https://sendmoneycompare.com/guides/revolut-foreign-transaction-fees-2026","Revolut Foreign Transaction Fees Explained (2026) | SendMoneyCompare","true","true","true","true","2","2026-04-16","P2","Review material claims, direct sources and the actual question answered; add a scoped example and relevant corridor/research links."
"https://sendmoneycompare.com/guides/revolut-us-banking-license-2026","Revolut US Banking License 2026: What It Means | SendMoneyCompare","true","true","true","true","5","2026-03-16","P2","Review material claims, direct sources and the actual question answered; add a scoped example and relevant corridor/research links."
"https://sendmoneycompare.com/guides/send-money-australia-to-india","Send Money from Australia to India | SendMoneyCompare","true","true","true","true","0","2026-07-01","P2","Review material claims, direct sources and the actual question answered; add a scoped example and relevant corridor/research links."
"https://sendmoneycompare.com/guides/send-money-canada-to-india-guide","Send Money from Canada to India: Best Ways in 2026 | SendMoneyCompare","true","true","true","true","6","2026-03-16","P2","Review material claims, direct sources and the actual question answered; add a scoped example and relevant corridor/research links."
"https://sendmoneycompare.com/guides/send-money-home-ramadan-eid-2026","Send Money Home for Ramadan & Eid 2026: Best Rates | SendMoneyCompare","false","true","true","true","6","2026-03-14","P1 review","Assess keep/improve, merge, archive or promotion using unique intent plus current Google/Bing/referral evidence; do not remove noindex automatically. "
"https://sendmoneycompare.com/guides/send-money-to-australia-guide","Cheapest Way to Send Money to Australia | SendMoneyCompare","true","true","true","true","4","2026-04-30","P2","Review material claims, direct sources and the actual question answered; add a scoped example and relevant corridor/research links."
"https://sendmoneycompare.com/guides/send-money-to-bangladesh-guide","Send Money to Bangladesh | SendMoneyCompare","true","true","true","true","5","2026-03-15","P2","Review material claims, direct sources and the actual question answered; add a scoped example and relevant corridor/research links."
"https://sendmoneycompare.com/guides/send-money-to-brazil-guide","Send Money to Brazil 2026 | SendMoneyCompare","true","true","true","true","2","2026-05-01","P2","Review material claims, direct sources and the actual question answered; add a scoped example and relevant corridor/research links."
"https://sendmoneycompare.com/guides/send-money-to-china-guide","How to Send Money to China from the USA (2026) | SendMoneyCompare","true","true","true","true","0","2026-04-07","P1","Add direct sources for recipient eligibility, transfer limits and supported providers."
"https://sendmoneycompare.com/guides/send-money-to-colombia-guide","Cheapest Way to Send Money to Colombia 2026 | SendMoneyCompare","true","true","true","true","4","2026-04-10","P2","Review material claims, direct sources and the actual question answered; add a scoped example and relevant corridor/research links."
"https://sendmoneycompare.com/guides/send-money-to-egypt-guide","Send Money to Egypt 2026 | SendMoneyCompare","true","true","true","true","6","2026-05-14","P2","Review material claims, direct sources and the actual question answered; add a scoped example and relevant corridor/research links."
"https://sendmoneycompare.com/guides/send-money-to-ethiopia-guide","Cheapest Way to Send Money to Ethiopia 2026 | SendMoneyCompare","true","true","true","true","3","2026-04-11","P2","Review material claims, direct sources and the actual question answered; add a scoped example and relevant corridor/research links."
"https://sendmoneycompare.com/guides/send-money-to-india-cash-pickup-ria","Send Money to India via Ria Cash Pickup | SendMoneyCompare","true","true","true","true","5","2026-03-16","P2","Review material claims, direct sources and the actual question answered; add a scoped example and relevant corridor/research links."
"https://sendmoneycompare.com/guides/send-money-to-india-from-usa-guide","Send Money from USA to India | SendMoneyCompare","true","true","true","true","4","2026-03-22","P2","Review material claims, direct sources and the actual question answered; add a scoped example and relevant corridor/research links."
"https://sendmoneycompare.com/guides/send-money-to-india-guide","Best Ways to Send Money to India (2026) | SendMoneyCompare","true","true","true","true","7","2026-03-13","P2","Review material claims, direct sources and the actual question answered; add a scoped example and relevant corridor/research links."
"https://sendmoneycompare.com/guides/send-money-to-jamaica-guide","Send Money to Jamaica | SendMoneyCompare","true","true","true","true","2","2026-03-18","P2","Review material claims, direct sources and the actual question answered; add a scoped example and relevant corridor/research links."
"https://sendmoneycompare.com/guides/send-money-to-kenya-from-usa-guide","Send Money to Kenya from USA | SendMoneyCompare","true","true","true","true","2","2026-03-18","P2","Review material claims, direct sources and the actual question answered; add a scoped example and relevant corridor/research links."
"https://sendmoneycompare.com/guides/send-money-to-kenya-guide","Cheapest Way to Send Money to Kenya | SendMoneyCompare","true","true","true","true","5","2026-03-27","P2","Review material claims, direct sources and the actual question answered; add a scoped example and relevant corridor/research links."
"https://sendmoneycompare.com/guides/send-money-to-mexico-guide","Cheapest Way to Send Money to Mexico (2026) | SendMoneyCompare","true","true","true","true","5","2026-03-15","P2","Review material claims, direct sources and the actual question answered; add a scoped example and relevant corridor/research links."
"https://sendmoneycompare.com/guides/send-money-to-morocco-guide","Cheapest Way to Send Money to Morocco | SendMoneyCompare","false","false","true","true","4","2026-03-27","P1 review","Assess keep/improve, merge, archive or promotion using unique intent plus current Google/Bing/referral evidence; do not remove noindex automatically. "
"https://sendmoneycompare.com/guides/send-money-to-nepal-guide","Best Way to Send Money to Nepal 2026 | SendMoneyCompare","true","false","true","true","5","2026-03-27","P2","Review material claims, direct sources and the actual question answered; add a scoped example and relevant corridor/research links."
"https://sendmoneycompare.com/guides/send-money-to-nigeria-from-usa-uk-canada-australia","Send Money to Nigeria 2026 | SendMoneyCompare","true","true","true","true","0","2026-07-01","P2","Review material claims, direct sources and the actual question answered; add a scoped example and relevant corridor/research links."
"https://sendmoneycompare.com/guides/send-money-to-nigeria-guide","Cheapest Way to Send Money to Nigeria (2026) | SendMoneyCompare","true","true","true","true","6","2026-03-15","P2","Review material claims, direct sources and the actual question answered; add a scoped example and relevant corridor/research links."
"https://sendmoneycompare.com/guides/send-money-to-pakistan-guide","Best Way to Send Money to Pakistan 2026 | SendMoneyCompare","true","true","true","true","5","2026-03-29","P2","Review material claims, direct sources and the actual question answered; add a scoped example and relevant corridor/research links."
"https://sendmoneycompare.com/guides/send-money-to-philippines-guide","Send Money to the Philippines: Cheapest Ways 2026 | SendMoneyCompare","true","true","true","true","6","2026-03-31","P1","Replace static amount-based cheapest claims with scoped evidence; deepen GCash recipient requirements and payout limitations."
"https://sendmoneycompare.com/guides/send-money-to-poland-guide","Cheapest Way to Send Money to Poland | SendMoneyCompare","true","true","true","true","5","2026-04-10","P2","Review material claims, direct sources and the actual question answered; add a scoped example and relevant corridor/research links."
"https://sendmoneycompare.com/guides/send-money-to-romania-guide","Cheapest Way to Send Money to Romania | SendMoneyCompare","false","false","true","true","5","2026-03-27","P1 review","Assess keep/improve, merge, archive or promotion using unique intent plus current Google/Bing/referral evidence; do not remove noindex automatically. "
"https://sendmoneycompare.com/guides/send-money-to-south-africa-guide","Cheapest Way to Send Money to South Africa | SendMoneyCompare","true","true","true","true","3","2026-03-31","P2","Review material claims, direct sources and the actual question answered; add a scoped example and relevant corridor/research links."
"https://sendmoneycompare.com/guides/send-money-to-south-korea-guide","Cheapest Way to Send Money to South Korea | SendMoneyCompare","true","true","true","true","2","2026-04-30","P2","Review material claims, direct sources and the actual question answered; add a scoped example and relevant corridor/research links."
"https://sendmoneycompare.com/guides/send-money-to-spain-guide","Cheapest Way to Send Money to Spain 2026 | SendMoneyCompare","true","true","true","true","2","2026-04-11","P2","Review material claims, direct sources and the actual question answered; add a scoped example and relevant corridor/research links."
"https://sendmoneycompare.com/guides/send-money-to-sri-lanka-guide","Send Money to Sri Lanka | SendMoneyCompare","true","true","true","true","2","2026-03-18","P2","Review material claims, direct sources and the actual question answered; add a scoped example and relevant corridor/research links."
"https://sendmoneycompare.com/guides/send-money-to-turkey-guide","Send Money to Turkey | SendMoneyCompare","true","true","true","true","2","2026-04-08","P2","Review material claims, direct sources and the actual question answered; add a scoped example and relevant corridor/research links."
"https://sendmoneycompare.com/guides/send-money-to-uk-guide","Cheapest Way to Send Money to the UK 2026 | SendMoneyCompare","true","true","true","true","3","2026-04-30","P2","Review material claims, direct sources and the actual question answered; add a scoped example and relevant corridor/research links."
"https://sendmoneycompare.com/guides/send-money-to-vietnam-guide","Send Money to Vietnam | SendMoneyCompare","true","true","true","true","2","2026-04-08","P2","Review material claims, direct sources and the actual question answered; add a scoped example and relevant corridor/research links."
"https://sendmoneycompare.com/guides/send-money-uae-to-india-guide","Send Money from UAE to India 2026 (AED to INR) | SendMoneyCompare","true","true","true","true","4","2026-04-04","P2","Review material claims, direct sources and the actual question answered; add a scoped example and relevant corridor/research links."
"https://sendmoneycompare.com/guides/send-money-uae-to-pakistan-guide","Send Money from UAE to Pakistan 2026 | SendMoneyCompare","true","true","true","true","11","2026-05-14","P1","Refresh May pricing and seasonal advice or label it historical; verify wallet and sender eligibility with direct official sources."
"https://sendmoneycompare.com/guides/send-money-uk-to-bangladesh-guide","Send Money from UK to Bangladesh: Best Ways in 2026 | SendMoneyCompare","false","true","true","true","5","2026-03-27","P1 review","Assess keep/improve, merge, archive or promotion using unique intent plus current Google/Bing/referral evidence; do not remove noindex automatically. "
"https://sendmoneycompare.com/guides/send-money-uk-to-india-guide","Send Money from UK to India: Best Ways 2026 | SendMoneyCompare","true","true","true","true","6","2026-03-15","P2","Review material claims, direct sources and the actual question answered; add a scoped example and relevant corridor/research links."
"https://sendmoneycompare.com/guides/send-money-uk-to-nigeria-guide","Send Money from UK to Nigeria | SendMoneyCompare","true","true","true","true","4","2026-03-29","P2","Review material claims, direct sources and the actual question answered; add a scoped example and relevant corridor/research links."
"https://sendmoneycompare.com/guides/send-money-usa-to-mexico-cost-guide","USA to Mexico Money Transfer | SendMoneyCompare","false","true","true","true","3","2026-06-07","P1 review","Assess keep/improve, merge, archive or promotion using unique intent plus current Google/Bing/referral evidence; do not remove noindex automatically. "
"https://sendmoneycompare.com/guides/sent-money-to-the-wrong-person","Sent Money to the Wrong Person? Your Rights and Next Steps","true","true","true","true","5","2026-09-07","P2","Preserve jurisdiction-specific sourced guidance; link a separate pending-transfer workflow only where it addresses a different problem."
"https://sendmoneycompare.com/guides/stablecoin-international-transfers-guide","Sending Money Abroad with Stablecoins in 2026 | SendMoneyCompare","true","true","true","true","3","2026-03-20","P2","Review material claims, direct sources and the actual question answered; add a scoped example and relevant corridor/research links."
"https://sendmoneycompare.com/guides/stablecoin-vs-wire-transfer-comparison","Stablecoin vs Wire Transfer vs Wise | SendMoneyCompare","true","true","true","true","2","2026-04-11","P2","Review material claims, direct sources and the actual question answered; add a scoped example and relevant corridor/research links."
"https://sendmoneycompare.com/guides/swift-codes-explained","What Is a SWIFT Code? | SendMoneyCompare","true","true","true","true","4","2026-03-13","P2","Review material claims, direct sources and the actual question answered; add a scoped example and relevant corridor/research links."
"https://sendmoneycompare.com/guides/taptap-send-vs-wise-remitly-usd-to-pkr","TapTap Send vs Wise, Remitly & XE | SendMoneyCompare","false","true","true","true","0","2026-05-17","P1 review","Assess keep/improve, merge, archive or promotion using unique intent plus current Google/Bing/referral evidence; do not remove noindex automatically. "
"https://sendmoneycompare.com/guides/top-money-transfer-apps-usa-to-india-2026","Top Money Transfer Apps: USA to India 2026 | SendMoneyCompare","false","true","true","true","2","2026-06-16","P1 review","Assess keep/improve, merge, archive or promotion using unique intent plus current Google/Bing/referral evidence; do not remove noindex automatically. "
"https://sendmoneycompare.com/guides/traveling-multiple-countries-currency-guide","Multi-Country Travel | SendMoneyCompare","false","true","true","true","1","2026-04-23","P1 review","Assess keep/improve, merge, archive or promotion using unique intent plus current Google/Bing/referral evidence; do not remove noindex automatically. "
"https://sendmoneycompare.com/guides/us-dollar-forecast-2026","USD Dollar Index Forecast 2026: 6 Bank DXY Targets | SendMoneyCompare","true","true","true","true","14","2026-06-12","P2","Review material claims, direct sources and the actual question answered; add a scoped example and relevant corridor/research links."
"https://sendmoneycompare.com/guides/us-remittance-tax-2026","US Remittance Tax 2026 | SendMoneyCompare","false","true","true","true","9","2026-03-16","P1 review","Assess keep/improve, merge, archive or promotion using unique intent plus current Google/Bing/referral evidence; do not remove noindex automatically. "
"https://sendmoneycompare.com/guides/wire-transfer-guide","Wire Transfer Fees 2026 | SendMoneyCompare","true","true","true","true","14","2026-03-31","P2","Review material claims, direct sources and the actual question answered; add a scoped example and relevant corridor/research links."
"https://sendmoneycompare.com/guides/wise-vs-remitly-comparison","Wise vs Remitly 2026: Which Is Cheaper? | SendMoneyCompare","true","true","true","true","3","2026-09-02","P2","Assess overlap with /compare/wise-vs-remitly using query/page and referral data before assigning a canonical intent."
"https://sendmoneycompare.com/guides/wise-vs-remitly-vs-xoom-vs-xe","Wise vs Remitly vs Xoom vs XE — Measured Cost Comparison","true","true","true","true","0","2026-09-07","P1","Link the underlying dataset next to comparisons; state matching conditions, promotional status and sample limitations."
"https://sendmoneycompare.com/guides/xe-business-payments-review","Xe Business Payments Review 2026 | SendMoneyCompare","false","true","true","true","10","2026-03-23","P1 review","Assess keep/improve, merge, archive or promotion using unique intent plus current Google/Bing/referral evidence; do not remove noindex automatically. "
"https://sendmoneycompare.com/guides/xe-tax-season-cross-border-money-2026","Moving Money for Tax Season 2026 | SendMoneyCompare","true","true","true","true","7","2026-04-16","P2","Review material claims, direct sources and the actual question answered; add a scoped example and relevant corridor/research links."
